Loss_im,psnr
3174.639,18.0809
3174.639,18.0809
3174.639,18.0809
2139.9001,19.6941
2139.9001,19.6941
2139.9001,19.6941
1372.8132,28.8626
1372.8132,28.8626
1372.8132,28.8626
587.2926,30.7873
587.2926,30.7873
587.2926,30.7873
390.074,32.8821
390.074,32.8821
390.074,32.8821
366.3822,32.1355
366.3822,32.1355
366.3822,32.1355
371.6294,32.9133
371.6294,32.9133
371.6294,32.9133
338.6465,32.9605
338.6465,32.9605
338.6465,32.9605
309.3876,32.5057
309.3876,32.5057
309.3876,32.5057
311.8401,33.7469
311.8401,33.7469
311.8401,33.7469
255.671,33.3021
255.671,33.3021
255.671,33.3021
260.4257,33.7145
260.4257,33.7145
260.4257,33.7145
293.5609,32.2942
293.5609,32.2942
293.5609,32.2942
249.7758,32.5117
249.7758,32.5117
249.7758,32.5117
262.3599,33.3481
262.3599,33.3481
262.3599,33.3481
230.736,31.7362
230.736,31.7362
230.736,31.7362
266.441,33.7302
266.441,33.7302
266.441,33.7302
264.038,33.3093
264.038,33.3093
264.038,33.3093
221.4561,33.1587
221.4561,33.1587
221.4561,33.1587
228.8352,32.7223
228.8352,32.7223
228.8352,32.7223
251.0008,33.5808
251.0008,33.5808
251.0008,33.5808
222.7998,33.9368
222.7998,33.9368
222.7998,33.9368
222.4385,34.198
222.4385,34.198
222.4385,34.198
249.4019,33.5964
249.4019,33.5964
249.4019,33.5964
227.3989,34.2635
227.3989,34.2635
227.3989,34.2635
221.7991,33.1851
221.7991,33.1851
221.7991,33.1851
204.616,33.1679
204.616,33.1679
204.616,33.1679
237.4144,33.6067
237.4144,33.6067
237.4144,33.6067
282.1398,34.1275
282.1398,34.1275
282.1398,34.1275
228.7522,33.2924
228.7522,33.2924
228.7522,33.2924
240.9049,33.2607
240.9049,33.2607
240.9049,33.2607
212.0653,33.9202
212.0653,33.9202
212.0653,33.9202
253.9264,33.2704
253.9264,33.2704
253.9264,33.2704
221.8751,33.1418
221.8751,33.1418
221.8751,33.1418
257.9324,32.7457
257.9324,32.7457
257.9324,32.7457
230.7926,33.4825
230.7926,33.4825
230.7926,33.4825
245.9565,33.1351
245.9565,33.1351
245.9565,33.1351
238.7076,33.3322
238.7076,33.3322
238.7076,33.3322
239.2143,34.2008
239.2143,34.2008
239.2143,34.2008
245.1752,32.6453
245.1752,32.6453
245.1752,32.6453
181.1821,34.1898
181.1821,34.1898
181.1821,34.1898
221.6488,33.9213
221.6488,33.9213
221.6488,33.9213
254.6356,32.7452
254.6356,32.7452
254.6356,32.7452
237.631,32.7946
237.631,32.7946
237.631,32.7946
232.0635,33.9019
232.0635,33.9019
232.0635,33.9019
225.2052,33.5062
225.2052,33.5062
225.2052,33.5062
226.0613,31.9916
226.0613,31.9916
226.0613,31.9916
199.0459,32.8252
199.0459,32.8252
199.0459,32.8252
227.1555,33.4338
227.1555,33.4338
227.1555,33.4338
219.1596,34.4181
219.1596,34.4181
219.1596,34.4181
179.5734,33.6343
179.5734,33.6343
179.5734,33.6343
225.5929,32.6963
225.5929,32.6963
225.5929,32.6963
190.0078,33.0277
190.0078,33.0277
190.0078,33.0277
197.517,33.03
197.517,33.03
197.517,33.03
246.8128,32.8834
246.8128,32.8834
246.8128,32.8834
183.7227,33.2354
183.7227,33.2354
183.7227,33.2354
214.0612,32.9936
214.0612,32.9936
214.0612,32.9936
227.4963,33.581
227.4963,33.581
227.4963,33.581
198.2038,33.5641
198.2038,33.5641
198.2038,33.5641
196.0794,33.1257
196.0794,33.1257
196.0794,33.1257
247.3586,32.2889
247.3586,32.2889
247.3586,32.2889
202.0136,33.1432
202.0136,33.1432
202.0136,33.1432
242.3035,32.5124
242.3035,32.5124
242.3035,32.5124
213.1828,34.4527
213.1828,34.4527
213.1828,34.4527
287.7369,33.5052
287.7369,33.5052
287.7369,33.5052
212.8959,33.3244
212.8959,33.3244
212.8959,33.3244
215.9063,32.6079
215.9063,32.6079
215.9063,32.6079
240.1478,32.3055
240.1478,32.3055
240.1478,32.3055
231.6778,33.4904
231.6778,33.4904
231.6778,33.4904
203.1349,32.1054
203.1349,32.1054
203.1349,32.1054
204.9815,33.7561
204.9815,33.7561
204.9815,33.7561
227.7677,32.7897
227.7677,32.7897
227.7677,32.7897
214.9603,34.2383
214.9603,34.2383
214.9603,34.2383
227.2134,33.5759
227.2134,33.5759
227.2134,33.5759
229.1234,33.2367
229.1234,33.2367
229.1234,33.2367
236.6454,32.8302
236.6454,32.8302
236.6454,32.8302
206.2689,32.9922
206.2689,32.9922
206.2689,32.9922
239.118,33.2253
239.118,33.2253
239.118,33.2253
238.3078,33.2113
238.3078,33.2113
238.3078,33.2113
205.5013,33.5045
205.5013,33.5045
205.5013,33.5045
250.1602,33.5843
250.1602,33.5843
250.1602,33.5843
193.3248,32.0802
193.3248,32.0802
193.3248,32.0802
207.9597,32.8601
207.9597,32.8601
207.9597,32.8601
243.8989,32.694
243.8989,32.694
243.8989,32.694
210.7778,32.5431
210.7778,32.5431
210.7778,32.5431
234.5796,33.7268
234.5796,33.7268
234.5796,33.7268
269.7361,33.9523
269.7361,33.9523
269.7361,33.9523
231.0824,33.1582
231.0824,33.1582
231.0824,33.1582
193.279,33.9283
193.279,33.9283
193.279,33.9283
241.7977,33.5379
241.7977,33.5379
241.7977,33.5379
225.28,32.6151
225.28,32.6151
225.28,32.6151
197.7246,32.0246
197.7246,32.0246
197.7246,32.0246
250.4673,32.5563
250.4673,32.5563
250.4673,32.5563
205.9541,33.324
205.9541,33.324
205.9541,33.324
221.9151,33.1826
221.9151,33.1826
221.9151,33.1826
202.661,34.2499
202.661,34.2499
202.661,34.2499
249.2155,32.3967
249.2155,32.3967
249.2155,32.3967
223.2679,32.1504
223.2679,32.1504
223.2679,32.1504
204.811,33.6065
204.811,33.6065
204.811,33.6065
246.193,32.352
246.193,32.352
246.193,32.352
230.7459,34.503
230.7459,34.503
230.7459,34.503
239.2718,34.2435
239.2718,34.2435
239.2718,34.2435
223.461,34.2083
223.461,34.2083
223.461,34.2083
234.0156,33.1547
234.0156,33.1547
234.0156,33.1547
263.0431,32.4682
263.0431,32.4682
263.0431,32.4682
252.3281,32.5552
252.3281,32.5552
252.3281,32.5552
212.4038,32.6833
212.4038,32.6833
212.4038,32.6833
232.8663,33.1126
232.8663,33.1126
232.8663,33.1126
223.5089,33.586
223.5089,33.586
223.5089,33.586
245.5473,33.7327
245.5473,33.7327
245.5473,33.7327
195.8446,33.177
195.8446,33.177
195.8446,33.177
244.8028,33.1119
244.8028,33.1119
244.8028,33.1119
220.8442,33.2928
220.8442,33.2928
220.8442,33.2928
211.0033,34.4209
211.0033,34.4209
211.0033,34.4209
256.7885,32.4584
256.7885,32.4584
256.7885,32.4584
210.2256,33.0184
210.2256,33.0184
210.2256,33.0184
265.5692,32.7159
265.5692,32.7159
265.5692,32.7159
237.6051,33.1777
237.6051,33.1777
237.6051,33.1777
201.1689,34.0386
201.1689,34.0386
201.1689,34.0386
270.1743,33.7159
270.1743,33.7159
270.1743,33.7159
220.0503,33.3383
220.0503,33.3383
220.0503,33.3383
229.9843,32.9229
229.9843,32.9229
229.9843,32.9229
236.711,33.2639
236.711,33.2639
236.711,33.2639
224.3896,33.8516
224.3896,33.8516
224.3896,33.8516
224.611,33.0347
224.611,33.0347
224.611,33.0347
276.8964,33.2258
276.8964,33.2258
276.8964,33.2258
234.4454,32.955
234.4454,32.955
234.4454,32.955
256.7656,33.5962
256.7656,33.5962
256.7656,33.5962
251.9719,33.0204
251.9719,33.0204
251.9719,33.0204
245.4476,32.861
245.4476,32.861
245.4476,32.861
226.3458,34.3578
226.3458,34.3578
226.3458,34.3578
221.6418,32.6964
221.6418,32.6964
221.6418,32.6964
210.7736,31.9481
210.7736,31.9481
210.7736,31.9481
213.0078,33.3151
213.0078,33.3151
213.0078,33.3151
238.2305,33.0751
238.2305,33.0751
238.2305,33.0751
234.766,33.2204
234.766,33.2204
234.766,33.2204
204.6711,34.0262
204.6711,34.0262
204.6711,34.0262
241.3935,33.2961
241.3935,33.2961
241.3935,33.2961
252.6472,34.7384
252.6472,34.7384
252.6472,34.7384
226.9831,33.4701
226.9831,33.4701
226.9831,33.4701
218.4738,33.5792
218.4738,33.5792
218.4738,33.5792
227.1574,32.6282
227.1574,32.6282
227.1574,32.6282
237.3044,34.301
237.3044,34.301
237.3044,34.301
232.7509,33.3979
232.7509,33.3979
232.7509,33.3979
206.9498,34.1754
206.9498,34.1754
206.9498,34.1754
219.7888,33.4552
219.7888,33.4552
219.7888,33.4552
231.0385,34.02
231.0385,34.02
231.0385,34.02
229.0031,34.5887
229.0031,34.5887
229.0031,34.5887
224.6426,32.3683
224.6426,32.3683
224.6426,32.3683
221.8189,33.5707
221.8189,33.5707
221.8189,33.5707
217.3834,31.8528
217.3834,31.8528
217.3834,31.8528
246.1197,34.0738
246.1197,34.0738
246.1197,34.0738
240.4109,32.1209
240.4109,32.1209
240.4109,32.1209
230.9152,32.8857
230.9152,32.8857
230.9152,32.8857
208.9199,33.98
208.9199,33.98
208.9199,33.98
203.728,33.0452
203.728,33.0452
203.728,33.0452
257.4755,33.8334
257.4755,33.8334
257.4755,33.8334
220.0796,33.2029
220.0796,33.2029
220.0796,33.2029
210.3863,33.2289
210.3863,33.2289
210.3863,33.2289
257.3037,34.0642
257.3037,34.0642
257.3037,34.0642
261.835,32.8905
261.835,32.8905
261.835,32.8905
191.2559,32.5344
191.2559,32.5344
191.2559,32.5344
272.6109,32.9063
272.6109,32.9063
272.6109,32.9063
202.3182,32.1149
202.3182,32.1149
202.3182,32.1149
235.7819,33.0242
235.7819,33.0242
235.7819,33.0242
200.6326,33.2198
200.6326,33.2198
200.6326,33.2198
207.6374,33.5619
207.6374,33.5619
207.6374,33.5619
241.4243,34.4431
241.4243,34.4431
241.4243,34.4431
230.8691,33.3053
230.8691,33.3053
230.8691,33.3053
230.3578,33.4536
230.3578,33.4536
230.3578,33.4536
241.7301,33.8124
241.7301,33.8124
241.7301,33.8124
216.2975,32.159
216.2975,32.159
216.2975,32.159
235.8615,32.3357
235.8615,32.3357
235.8615,32.3357
203.9964,32.7902
203.9964,32.7902
203.9964,32.7902
244.9416,32.7351
244.9416,32.7351
244.9416,32.7351
198.9262,33.2322
198.9262,33.2322
198.9262,33.2322
210.049,32.0165
210.049,32.0165
210.049,32.0165
224.3682,33.0927
224.3682,33.0927
224.3682,33.0927
242.7289,33.3166
242.7289,33.3166
242.7289,33.3166
223.9126,32.8993
223.9126,32.8993
223.9126,32.8993
246.1312,33.8203
246.1312,33.8203
246.1312,33.8203
268.5383,33.1872
268.5383,33.1872
268.5383,33.1872
234.4156,32.5759
234.4156,32.5759
234.4156,32.5759
215.958,34.0146
215.958,34.0146
215.958,34.0146
228.7251,32.9106
228.7251,32.9106
228.7251,32.9106
199.516,32.08
199.516,32.08
199.516,32.08
276.1765,33.098
276.1765,33.098
276.1765,33.098
266.56,33.3402
266.56,33.3402
266.56,33.3402
208.8225,32.6678
208.8225,32.6678
208.8225,32.6678
228.3732,33.6195
228.3732,33.6195
228.3732,33.6195
208.6269,33.2435
208.6269,33.2435
208.6269,33.2435
236.8851,33.6511
236.8851,33.6511
236.8851,33.6511
197.5594,33.3982
197.5594,33.3982
197.5594,33.3982
224.2688,34.0491
224.2688,34.0491
224.2688,34.0491
219.4024,32.2026
219.4024,32.2026
219.4024,32.2026
224.7264,33.0911
224.7264,33.0911
224.7264,33.0911
186.057,33.5577
186.057,33.5577
186.057,33.5577
204.8543,33.0389
204.8543,33.0389
204.8543,33.0389
238.6264,34.4264
238.6264,34.4264
238.6264,34.4264
231.9326,32.7239
231.9326,32.7239
231.9326,32.7239
202.2476,34.0183
202.2476,34.0183
202.2476,34.0183
267.3614,34.0728
267.3614,34.0728
267.3614,34.0728
216.1521,34.574
216.1521,34.574
216.1521,34.574
224.2815,33.4741
224.2815,33.4741
224.2815,33.4741
232.8122,33.4352
232.8122,33.4352
232.8122,33.4352
220.3212,32.9845
220.3212,32.9845
220.3212,32.9845
255.0017,33.9839
255.0017,33.9839
255.0017,33.9839
211.1161,33.5491
211.1161,33.5491
211.1161,33.5491
227.1981,34.6213
227.1981,34.6213
227.1981,34.6213
223.5559,31.6584
223.5559,31.6584
223.5559,31.6584
222.3344,33.8823
222.3344,33.8823
222.3344,33.8823
202.6733,33.4417
202.6733,33.4417
202.6733,33.4417
223.5418,33.4352
223.5418,33.4352
223.5418,33.4352
180.0363,34.6341
180.0363,34.6341
180.0363,34.6341
249.4768,34.4283
249.4768,34.4283
249.4768,34.4283
220.2064,34.4299
220.2064,34.4299
220.2064,34.4299
243.0758,34.2282
243.0758,34.2282
243.0758,34.2282
207.8215,34.0736
207.8215,34.0736
207.8215,34.0736
194.6212,32.9557
194.6212,32.9557
194.6212,32.9557
186.753,33.7942
186.753,33.7942
186.753,33.7942
231.8681,33.8365
231.8681,33.8365
231.8681,33.8365
229.3648,33.6451
229.3648,33.6451
229.3648,33.6451
185.4681,34.247
185.4681,34.247
185.4681,34.247
265.0919,34.1933
265.0919,34.1933
265.0919,34.1933
225.1585,34.8682
225.1585,34.8682
225.1585,34.8682
242.9075,33.6797
242.9075,33.6797
242.9075,33.6797
206.358,34.7223
206.358,34.7223
206.358,34.7223
238.7747,33.863
238.7747,33.863
238.7747,33.863
230.6553,33.0181
230.6553,33.0181
230.6553,33.0181
220.1095,32.9202
220.1095,32.9202
220.1095,32.9202
224.7472,32.4557
224.7472,32.4557
224.7472,32.4557
229.3732,34.0632
229.3732,34.0632
229.3732,34.0632
254.3533,33.8927
254.3533,33.8927
254.3533,33.8927
203.267,33.7595
203.267,33.7595
203.267,33.7595
189.8194,33.2452
189.8194,33.2452
189.8194,33.2452
213.2285,33.7811
213.2285,33.7811
213.2285,33.7811
244.5472,34.9616
244.5472,34.9616
244.5472,34.9616
212.5715,33.4155
212.5715,33.4155
212.5715,33.4155
215.935,33.3285
215.935,33.3285
215.935,33.3285
227.4637,33.4882
227.4637,33.4882
227.4637,33.4882
208.4428,34.7798
208.4428,34.7798
208.4428,34.7798
238.8698,32.9601
238.8698,32.9601
238.8698,32.9601
195.0774,33.2901
195.0774,33.2901
195.0774,33.2901
240.3501,34.1188
240.3501,34.1188
240.3501,34.1188
208.6089,33.0221
208.6089,33.0221
208.6089,33.0221
208.3876,35.1275
208.3876,35.1275
208.3876,35.1275
207.855,33.8596
207.855,33.8596
207.855,33.8596
221.7715,34.827
221.7715,34.827
221.7715,34.827
204.8273,33.9489
204.8273,33.9489
204.8273,33.9489
191.3594,34.8645
191.3594,34.8645
191.3594,34.8645
220.5287,33.6023
220.5287,33.6023
220.5287,33.6023
229.5634,32.7946
229.5634,32.7946
229.5634,32.7946
195.1873,33.2328
195.1873,33.2328
195.1873,33.2328
209.7963,33.5203
209.7963,33.5203
209.7963,33.5203
216.013,34.0785
216.013,34.0785
216.013,34.0785
220.6797,32.6067
220.6797,32.6067
220.6797,32.6067
221.4252,34.6343
221.4252,34.6343
221.4252,34.6343
190.8687,33.8335
190.8687,33.8335
190.8687,33.8335
194.9873,33.9754
194.9873,33.9754
194.9873,33.9754
219.7161,33.547
219.7161,33.547
219.7161,33.547
216.8937,33.6517
216.8937,33.6517
216.8937,33.6517
214.8179,34.525
214.8179,34.525
214.8179,34.525
246.7753,35.3172
246.7753,35.3172
246.7753,35.3172
219.8205,35.5225
219.8205,35.5225
219.8205,35.5225
183.7024,33.3676
183.7024,33.3676
183.7024,33.3676
187.1358,34.4425
187.1358,34.4425
187.1358,34.4425
189.9295,34.5263
189.9295,34.5263
189.9295,34.5263
215.4504,33.9539
215.4504,33.9539
215.4504,33.9539
213.9822,35.4297
213.9822,35.4297
213.9822,35.4297
178.0295,33.125
178.0295,33.125
178.0295,33.125
218.4066,33.9523
218.4066,33.9523
218.4066,33.9523
229.8673,33.9041
229.8673,33.9041
229.8673,33.9041
196.7205,33.9562
196.7205,33.9562
196.7205,33.9562
193.408,34.4564
193.408,34.4564
193.408,34.4564
224.2363,33.8151
224.2363,33.8151
224.2363,33.8151
222.4771,35.1158
222.4771,35.1158
222.4771,35.1158
197.4164,35.1647
197.4164,35.1647
197.4164,35.1647
220.5402,35.2431
220.5402,35.2431
220.5402,35.2431
203.8858,35.0714
203.8858,35.0714
203.8858,35.0714
167.6829,33.2908
167.6829,33.2908
167.6829,33.2908
185.9654,34.1856
185.9654,34.1856
185.9654,34.1856
218.5093,33.7923
218.5093,33.7923
218.5093,33.7923
220.1724,35.5004
220.1724,35.5004
220.1724,35.5004
189.6455,34.0529
189.6455,34.0529
189.6455,34.0529
225.4548,34.4134
225.4548,34.4134
225.4548,34.4134
212.1407,34.6485
212.1407,34.6485
212.1407,34.6485
206.2297,35.4862
206.2297,35.4862
206.2297,35.4862
192.1016,35.1582
192.1016,35.1582
192.1016,35.1582
180.2875,34.2269
180.2875,34.2269
180.2875,34.2269
223.2537,35.5816
223.2537,35.5816
223.2537,35.5816
196.415,35.4746
196.415,35.4746
196.415,35.4746
199.8908,34.931
199.8908,34.931
199.8908,34.931
208.6499,34.7273
208.6499,34.7273
208.6499,34.7273
226.3284,34.974
226.3284,34.974
226.3284,34.974
196.3336,35.5862
196.3336,35.5862
196.3336,35.5862
218.1983,36.4689
218.1983,36.4689
218.1983,36.4689
190.6067,35.7923
190.6067,35.7923
190.6067,35.7923
230.2414,33.9602
230.2414,33.9602
230.2414,33.9602
204.1618,35.6074
204.1618,35.6074
204.1618,35.6074
183.2388,35.6919
183.2388,35.6919
183.2388,35.6919
206.1679,35.6393
206.1679,35.6393
206.1679,35.6393
192.5533,34.6483
192.5533,34.6483
192.5533,34.6483
198.9592,35.4559
198.9592,35.4559
198.9592,35.4559
211.5979,34.6364
211.5979,34.6364
211.5979,34.6364
186.7366,35.8941
186.7366,35.8941
186.7366,35.8941
245.6118,33.7161
245.6118,33.7161
245.6118,33.7161
201.155,35.1702
201.155,35.1702
201.155,35.1702
207.9285,35.3256
207.9285,35.3256
207.9285,35.3256
210.4139,35.2353
210.4139,35.2353
210.4139,35.2353
236.3078,33.9828
236.3078,33.9828
236.3078,33.9828
184.3179,35.1931
184.3179,35.1931
184.3179,35.1931
195.2675,35.6665
195.2675,35.6665
195.2675,35.6665
212.4978,34.0226
212.4978,34.0226
212.4978,34.0226
216.2995,34.9091
216.2995,34.9091
216.2995,34.9091
171.6421,35.9948
171.6421,35.9948
171.6421,35.9948
197.8621,35.6989
197.8621,35.6989
197.8621,35.6989
187.0168,36.7473
187.0168,36.7473
187.0168,36.7473
204.2042,35.6694
204.2042,35.6694
204.2042,35.6694
180.4352,35.4662
180.4352,35.4662
180.4352,35.4662
183.1482,35.02
183.1482,35.02
183.1482,35.02
169.4339,35.5916
169.4339,35.5916
169.4339,35.5916
210.6219,35.0861
210.6219,35.0861
210.6219,35.0861
195.1907,34.8652
195.1907,34.8652
195.1907,34.8652
186.5847,35.6649
186.5847,35.6649
186.5847,35.6649
187.7244,36.9028
187.7244,36.9028
187.7244,36.9028
162.1107,37.3092
162.1107,37.3092
162.1107,37.3092
179.1429,35.6868
179.1429,35.6868
179.1429,35.6868
184.8587,35.8841
184.8587,35.8841
184.8587,35.8841
172.2397,35.5578
172.2397,35.5578
172.2397,35.5578
184.4461,35.4612
184.4461,35.4612
184.4461,35.4612
184.9879,35.2727
184.9879,35.2727
184.9879,35.2727
172.7977,36.791
172.7977,36.791
172.7977,36.791
180.2037,34.8725
180.2037,34.8725
180.2037,34.8725
194.9392,37.4469
194.9392,37.4469
194.9392,37.4469
173.1528,36.1045
173.1528,36.1045
173.1528,36.1045
144.1418,36.7342
144.1418,36.7342
144.1418,36.7342
175.6883,36.5007
175.6883,36.5007
175.6883,36.5007
189.3794,36.4024
189.3794,36.4024
189.3794,36.4024
157.9901,36.6605
157.9901,36.6605
157.9901,36.6605
128.7944,36.1411
128.7944,36.1411
128.7944,36.1411
165.0385,35.8436
165.0385,35.8436
165.0385,35.8436
174.6872,36.838
174.6872,36.838
174.6872,36.838
158.7913,36.5498
158.7913,36.5498
158.7913,36.5498
150.4032,36.9559
150.4032,36.9559
150.4032,36.9559
176.398,36.9653
176.398,36.9653
176.398,36.9653
177.0777,36.1194
177.0777,36.1194
177.0777,36.1194
191.0372,35.9684
191.0372,35.9684
191.0372,35.9684
161.045,35.8708
161.045,35.8708
161.045,35.8708
180.3106,36.5495
180.3106,36.5495
180.3106,36.5495
147.6104,36.7799
147.6104,36.7799
147.6104,36.7799
182.2485,35.8513
182.2485,35.8513
182.2485,35.8513
162.5584,36.7089
162.5584,36.7089
162.5584,36.7089
162.0191,36.9197
162.0191,36.9197
162.0191,36.9197
165.5224,36.3854
165.5224,36.3854
165.5224,36.3854
134.5597,37.04
134.5597,37.04
134.5597,37.04
178.0254,36.4845
178.0254,36.4845
178.0254,36.4845
176.0538,36.7588
176.0538,36.7588
176.0538,36.7588
169.1108,37.1835
169.1108,37.1835
169.1108,37.1835
172.3231,37.377
172.3231,37.377
172.3231,37.377
170.2934,37.5452
170.2934,37.5452
170.2934,37.5452
151.1604,38.221
151.1604,38.221
151.1604,38.221
166.8917,37.9498
166.8917,37.9498
166.8917,37.9498
131.8682,37.7745
131.8682,37.7745
131.8682,37.7745
150.9818,38.2677
150.9818,38.2677
150.9818,38.2677
174.5843,37.1014
174.5843,37.1014
174.5843,37.1014
149.3288,37.3439
149.3288,37.3439
149.3288,37.3439
148.8147,36.3794
148.8147,36.3794
148.8147,36.3794
145.3309,38.2595
145.3309,38.2595
145.3309,38.2595
173.0565,37.4253
173.0565,37.4253
173.0565,37.4253
158.2233,36.0874
158.2233,36.0874
158.2233,36.0874
181.3066,36.9094
181.3066,36.9094
181.3066,36.9094
185.7941,37.2534
185.7941,37.2534
185.7941,37.2534
170.0954,39.2856
170.0954,39.2856
170.0954,39.2856
167.546,37.5224
167.546,37.5224
167.546,37.5224
150.9969,38.5197
150.9969,38.5197
150.9969,38.5197
178.9611,38.4009
178.9611,38.4009
178.9611,38.4009
167.8853,37.5852
167.8853,37.5852
167.8853,37.5852
189.6736,38.6538
189.6736,38.6538
189.6736,38.6538
149.5159,36.5925
149.5159,36.5925
149.5159,36.5925
143.5813,38.0717
143.5813,38.0717
143.5813,38.0717
197.1266,37.8414
197.1266,37.8414
197.1266,37.8414
169.4262,38.4994
169.4262,38.4994
169.4262,38.4994
175.2854,36.8703
175.2854,36.8703
175.2854,36.8703
167.2946,36.1499
167.2946,36.1499
167.2946,36.1499
178.1475,37.4843
178.1475,37.4843
178.1475,37.4843
163.6409,38.2548
163.6409,38.2548
163.6409,38.2548
157.2579,38.3905
157.2579,38.3905
157.2579,38.3905
154.8103,36.848
154.8103,36.848
154.8103,36.848
161.2478,37.3088
161.2478,37.3088
161.2478,37.3088
141.8744,37.9269
141.8744,37.9269
141.8744,37.9269
180.5967,38.0919
180.5967,38.0919
180.5967,38.0919
188.8504,37.2254
188.8504,37.2254
188.8504,37.2254
159.7244,37.7103
159.7244,37.7103
159.7244,37.7103
150.913,37.5467
150.913,37.5467
150.913,37.5467
144.5637,37.6508
144.5637,37.6508
144.5637,37.6508
145.5939,37.3881
145.5939,37.3881
145.5939,37.3881
186.9384,37.0329
186.9384,37.0329
186.9384,37.0329
164.4632,37.7091
164.4632,37.7091
164.4632,37.7091
173.9752,37.6545
173.9752,37.6545
173.9752,37.6545
156.2022,37.131
156.2022,37.131
156.2022,37.131
159.5466,36.9369
159.5466,36.9369
159.5466,36.9369
160.7502,38.8925
160.7502,38.8925
160.7502,38.8925
157.3889,38.517
157.3889,38.517
157.3889,38.517
153.5795,38.4971
153.5795,38.4971
153.5795,38.4971
156.1076,37.3368
156.1076,37.3368
156.1076,37.3368
152.7155,36.8494
152.7155,36.8494
152.7155,36.8494
167.2812,37.4178
167.2812,37.4178
167.2812,37.4178
149.9725,37.924
149.9725,37.924
149.9725,37.924
155.4199,38.4862
155.4199,38.4862
155.4199,38.4862
143.544,37.6543
143.544,37.6543
143.544,37.6543
136.0582,37.163
136.0582,37.163
136.0582,37.163
158.9379,36.9428
158.9379,36.9428
158.9379,36.9428
160.8396,37.8981
160.8396,37.8981
160.8396,37.8981
142.0786,39.0162
142.0786,39.0162
142.0786,39.0162
160.3378,38.4361
160.3378,38.4361
160.3378,38.4361
160.1268,39.1422
160.1268,39.1422
160.1268,39.1422
157.612,39.5661
157.612,39.5661
157.612,39.5661
151.2553,37.3602
151.2553,37.3602
151.2553,37.3602
144.6545,38.5006
144.6545,38.5006
144.6545,38.5006
159.9737,38.5082
159.9737,38.5082
159.9737,38.5082
159.3441,38.8565
159.3441,38.8565
159.3441,38.8565
146.2794,37.6394
146.2794,37.6394
146.2794,37.6394
132.4096,38.4901
132.4096,38.4901
132.4096,38.4901
155.5246,38.0661
155.5246,38.0661
155.5246,38.0661
145.2338,38.7243
145.2338,38.7243
145.2338,38.7243
163.5408,38.4016
163.5408,38.4016
163.5408,38.4016
138.1374,38.0861
138.1374,38.0861
138.1374,38.0861
159.0526,39.7336
159.0526,39.7336
159.0526,39.7336
145.8352,37.6903
145.8352,37.6903
145.8352,37.6903
165.8712,38.162
165.8712,38.162
165.8712,38.162
150.7399,38.2374
150.7399,38.2374
150.7399,38.2374
144.1585,37.7809
144.1585,37.7809
144.1585,37.7809
150.8303,39.6605
150.8303,39.6605
150.8303,39.6605
148.9208,38.6455
148.9208,38.6455
148.9208,38.6455
177.5809,38.5799
177.5809,38.5799
177.5809,38.5799
123.7033,38.3729
123.7033,38.3729
123.7033,38.3729
161.6908,39.1462
161.6908,39.1462
161.6908,39.1462
129.8452,39.763
129.8452,39.763
129.8452,39.763
136.2511,39.0726
136.2511,39.0726
136.2511,39.0726
170.0957,37.8136
170.0957,37.8136
170.0957,37.8136
167.3197,37.6073
167.3197,37.6073
167.3197,37.6073
149.9743,36.731
149.9743,36.731
149.9743,36.731
142.882,38.5425
142.882,38.5425
142.882,38.5425
129.0525,39.177
129.0525,39.177
129.0525,39.177
143.688,39.2686
143.688,39.2686
143.688,39.2686
137.6904,39.2152
137.6904,39.2152
137.6904,39.2152
124.1433,37.5159
124.1433,37.5159
124.1433,37.5159
130.1861,39.0234
130.1861,39.0234
130.1861,39.0234
144.5547,39.2656
144.5547,39.2656
144.5547,39.2656
147.7353,39.2928
147.7353,39.2928
147.7353,39.2928
152.4991,37.6686
152.4991,37.6686
152.4991,37.6686
153.7592,37.5131
153.7592,37.5131
153.7592,37.5131
138.5485,39.4482
138.5485,39.4482
138.5485,39.4482
155.5911,39.2631
155.5911,39.2631
155.5911,39.2631
130.6166,39.4987
130.6166,39.4987
130.6166,39.4987
139.9792,37.4341
139.9792,37.4341
139.9792,37.4341
156.8776,39.761
156.8776,39.761
156.8776,39.761
150.6328,39.2258
150.6328,39.2258
150.6328,39.2258
137.1292,40.3133
137.1292,40.3133
137.1292,40.3133
133.5436,38.1487
133.5436,38.1487
133.5436,38.1487
169.7951,38.8499
169.7951,38.8499
169.7951,38.8499
146.0921,39.5292
146.0921,39.5292
146.0921,39.5292
151.5592,39.3746
151.5592,39.3746
151.5592,39.3746
139.5371,38.6531
139.5371,38.6531
139.5371,38.6531
144.3484,39.7262
144.3484,39.7262
144.3484,39.7262
140.7138,38.8828
140.7138,38.8828
140.7138,38.8828
125.0517,38.6685
125.0517,38.6685
125.0517,38.6685
162.1003,38.025
162.1003,38.025
162.1003,38.025
126.5629,39.3128
126.5629,39.3128
126.5629,39.3128
112.9991,38.724
112.9991,38.724
112.9991,38.724
134.827,38.2381
134.827,38.2381
134.827,38.2381
133.2975,38.5959
133.2975,38.5959
133.2975,38.5959
147.2256,39.2437
147.2256,39.2437
147.2256,39.2437
141.6904,39.736
141.6904,39.736
141.6904,39.736
135.8789,40.0223
135.8789,40.0223
135.8789,40.0223
123.2601,38.9347
123.2601,38.9347
123.2601,38.9347
149.1498,38.7482
149.1498,38.7482
149.1498,38.7482
136.1992,39.3345
136.1992,39.3345
136.1992,39.3345
145.872,39.5215
145.872,39.5215
145.872,39.5215
128.6741,39.7793
128.6741,39.7793
128.6741,39.7793
132.7665,39.4552
132.7665,39.4552
132.7665,39.4552
130.6345,40.0544
130.6345,40.0544
130.6345,40.0544
136.9934,39.1535
136.9934,39.1535
136.9934,39.1535
119.2188,39.0891
119.2188,39.0891
119.2188,39.0891
142.5135,39.0865
142.5135,39.0865
142.5135,39.0865
130.1852,40.4026
130.1852,40.4026
130.1852,40.4026
133.3542,38.0372
133.3542,38.0372
133.3542,38.0372
151.4899,41.417
151.4899,41.417
151.4899,41.417
155.3334,39.5072
155.3334,39.5072
155.3334,39.5072
134.0971,39.5748
134.0971,39.5748
134.0971,39.5748
131.7365,40.0251
131.7365,40.0251
131.7365,40.0251
156.1786,39.7322
156.1786,39.7322
156.1786,39.7322
160.9083,40.3476
160.9083,40.3476
160.9083,40.3476
124.3309,38.3447
124.3309,38.3447
124.3309,38.3447
148.0618,37.5982
148.0618,37.5982
148.0618,37.5982
148.5078,39.944
148.5078,39.944
148.5078,39.944
161.0668,39.1888
161.0668,39.1888
161.0668,39.1888
148.5331,38.9745
148.5331,38.9745
148.5331,38.9745
132.4615,39.4069
132.4615,39.4069
132.4615,39.4069
150.4348,38.3428
150.4348,38.3428
150.4348,38.3428
140.3981,40.7348
140.3981,40.7348
140.3981,40.7348
139.2017,39.0427
139.2017,39.0427
139.2017,39.0427
157.4255,39.4313
157.4255,39.4313
157.4255,39.4313
127.7708,39.1439
127.7708,39.1439
127.7708,39.1439
147.0826,38.8089
147.0826,38.8089
147.0826,38.8089
129.0804,39.2943
129.0804,39.2943
129.0804,39.2943
128.9618,40.4746
128.9618,40.4746
128.9618,40.4746
149.7424,39.35
149.7424,39.35
149.7424,39.35
135.1694,39.0129
135.1694,39.0129
135.1694,39.0129
125.6843,39.8927
125.6843,39.8927
125.6843,39.8927
153.7808,37.8765
153.7808,37.8765
153.7808,37.8765
148.3905,37.8343
148.3905,37.8343
148.3905,37.8343
154.4786,39.7825
154.4786,39.7825
154.4786,39.7825
113.3173,39.6453
113.3173,39.6453
113.3173,39.6453
135.1034,38.8264
135.1034,38.8264
135.1034,38.8264
133.0626,40.2802
133.0626,40.2802
133.0626,40.2802
157.201,39.683
157.201,39.683
157.201,39.683
128.2305,39.3784
128.2305,39.3784
128.2305,39.3784
148.6681,39.661
148.6681,39.661
148.6681,39.661
116.1508,39.5204
116.1508,39.5204
116.1508,39.5204
154.5219,39.0967
154.5219,39.0967
154.5219,39.0967
157.4556,39.516
157.4556,39.516
157.4556,39.516
147.4522,39.5247
147.4522,39.5247
147.4522,39.5247
127.4166,40.6031
127.4166,40.6031
127.4166,40.6031
135.8779,41.0726
135.8779,41.0726
135.8779,41.0726
136.0668,39.3693
136.0668,39.3693
136.0668,39.3693
131.2639,39.0783
131.2639,39.0783
131.2639,39.0783
133.8452,39.33
133.8452,39.33
133.8452,39.33
126.4814,39.2517
126.4814,39.2517
126.4814,39.2517
131.472,40.5114
131.472,40.5114
131.472,40.5114
140.4469,39.9115
140.4469,39.9115
140.4469,39.9115
138.2675,39.753
138.2675,39.753
138.2675,39.753
136.4599,39.8487
136.4599,39.8487
136.4599,39.8487
150.1033,39.6024
150.1033,39.6024
150.1033,39.6024
133.0908,39.6106
133.0908,39.6106
133.0908,39.6106
143.5455,40.2005
143.5455,40.2005
143.5455,40.2005
134.1492,39.2968
134.1492,39.2968
134.1492,39.2968
124.3723,38.2481
124.3723,38.2481
124.3723,38.2481
128.1746,39.8287
128.1746,39.8287
128.1746,39.8287
128.759,41.6777
128.759,41.6777
128.759,41.6777
129.2558,40.8062
129.2558,40.8062
129.2558,40.8062
129.5397,40.4943
129.5397,40.4943
129.5397,40.4943
126.259,37.545
126.259,37.545
126.259,37.545
155.4557,40.739
155.4557,40.739
155.4557,40.739
109.3433,40.3096
109.3433,40.3096
109.3433,40.3096
142.5518,39.5856
142.5518,39.5856
142.5518,39.5856
122.7403,38.8984
122.7403,38.8984
122.7403,38.8984
127.3351,39.7452
127.3351,39.7452
127.3351,39.7452
144.8595,40.4819
144.8595,40.4819
144.8595,40.4819
127.3695,40.1873
127.3695,40.1873
127.3695,40.1873
141.0452,40.3229
141.0452,40.3229
141.0452,40.3229
140.7838,40.5923
140.7838,40.5923
140.7838,40.5923
133.4917,40.8068
133.4917,40.8068
133.4917,40.8068
135.6073,38.9579
135.6073,38.9579
135.6073,38.9579
139.9069,39.944
139.9069,39.944
139.9069,39.944
133.3455,38.6014
133.3455,38.6014
133.3455,38.6014
143.772,39.8168
143.772,39.8168
143.772,39.8168
131.9236,39.461
131.9236,39.461
131.9236,39.461
137.4355,41.4059
137.4355,41.4059
137.4355,41.4059
138.3854,40.5364
138.3854,40.5364
138.3854,40.5364
138.2708,39.858
138.2708,39.858
138.2708,39.858
138.1544,41.643
138.1544,41.643
138.1544,41.643
126.1423,39.9715
126.1423,39.9715
126.1423,39.9715
119.2704,39.6437
119.2704,39.6437
119.2704,39.6437
123.0556,40.394
123.0556,40.394
123.0556,40.394
122.022,40.9065
122.022,40.9065
122.022,40.9065
137.8186,39.8944
137.8186,39.8944
137.8186,39.8944
120.14,38.3111
120.14,38.3111
120.14,38.3111
113.7624,38.9781
113.7624,38.9781
113.7624,38.9781
137.2972,41.9606
137.2972,41.9606
137.2972,41.9606
127.1284,40.1592
127.1284,40.1592
127.1284,40.1592
141.3928,40.4002
141.3928,40.4002
141.3928,40.4002
135.6102,39.831
135.6102,39.831
135.6102,39.831
136.8704,40.0145
136.8704,40.0145
136.8704,40.0145
129.8197,40.5493
129.8197,40.5493
129.8197,40.5493
107.2907,40.2847
107.2907,40.2847
107.2907,40.2847
117.1677,40.8721
117.1677,40.8721
117.1677,40.8721
144.3832,40.9684
144.3832,40.9684
144.3832,40.9684
145.9812,40.2182
145.9812,40.2182
145.9812,40.2182
123.7566,40.0079
123.7566,40.0079
123.7566,40.0079
113.9988,40.6259
113.9988,40.6259
113.9988,40.6259
133.8862,40.2169
133.8862,40.2169
133.8862,40.2169
143.4037,38.8884
143.4037,38.8884
143.4037,38.8884
145.8028,41.101
145.8028,41.101
145.8028,41.101
120.1838,39.1533
120.1838,39.1533
120.1838,39.1533
115.7099,40.2505
115.7099,40.2505
115.7099,40.2505
142.7859,41.4451
142.7859,41.4451
142.7859,41.4451
121.6274,41.2785
121.6274,41.2785
121.6274,41.2785
134.4334,39.8877
134.4334,39.8877
134.4334,39.8877
138.0345,40.4921
138.0345,40.4921
138.0345,40.4921
131.0105,40.1817
131.0105,40.1817
131.0105,40.1817
114.1386,40.2717
114.1386,40.2717
114.1386,40.2717
130.8608,41.0716
130.8608,41.0716
130.8608,41.0716
129.2648,40.6907
129.2648,40.6907
129.2648,40.6907
127.6157,39.7041
127.6157,39.7041
127.6157,39.7041
134.7527,39.9347
134.7527,39.9347
134.7527,39.9347
118.9633,39.5788
118.9633,39.5788
118.9633,39.5788
147.6009,39.9677
147.6009,39.9677
147.6009,39.9677
142.7797,39.6986
142.7797,39.6986
142.7797,39.6986
134.3002,40.9379
134.3002,40.9379
134.3002,40.9379
138.6831,40.3592
138.6831,40.3592
138.6831,40.3592
136.5824,40.6068
136.5824,40.6068
136.5824,40.6068
122.3399,40.6044
122.3399,40.6044
122.3399,40.6044
129.4239,41.2017
129.4239,41.2017
129.4239,41.2017
130.0994,39.6315
130.0994,39.6315
130.0994,39.6315
142.1634,40.5893
142.1634,40.5893
142.1634,40.5893
144.3484,40.4714
144.3484,40.4714
144.3484,40.4714
133.5475,40.3549
133.5475,40.3549
133.5475,40.3549
133.8332,41.0166
133.8332,41.0166
133.8332,41.0166
140.9511,39.9664
140.9511,39.9664
140.9511,39.9664
133.1345,40.7162
133.1345,40.7162
133.1345,40.7162
145.8238,40.4182
145.8238,40.4182
145.8238,40.4182
120.2222,41.1461
120.2222,41.1461
120.2222,41.1461
130.5303,40.156
130.5303,40.156
130.5303,40.156
128.1159,40.2804
128.1159,40.2804
128.1159,40.2804
134.8553,40.4326
134.8553,40.4326
134.8553,40.4326
125.7099,39.2757
125.7099,39.2757
125.7099,39.2757
144.1252,39.9199
144.1252,39.9199
144.1252,39.9199
133.9247,40.9895
133.9247,40.9895
133.9247,40.9895
120.9352,40.9635
120.9352,40.9635
120.9352,40.9635
130.3399,40.0351
130.3399,40.0351
130.3399,40.0351
134.0534,41.0842
134.0534,41.0842
134.0534,41.0842
127.4683,40.0466
127.4683,40.0466
127.4683,40.0466
109.5847,39.961
109.5847,39.961
109.5847,39.961
123.6703,42.0239
123.6703,42.0239
123.6703,42.0239
129.381,40.8368
129.381,40.8368
129.381,40.8368
136.765,40.3244
136.765,40.3244
136.765,40.3244
122.8253,40.2477
122.8253,40.2477
122.8253,40.2477
122.3234,40.2672
122.3234,40.2672
122.3234,40.2672
138.3567,41.626
138.3567,41.626
138.3567,41.626
123.8191,40.1208
123.8191,40.1208
123.8191,40.1208
139.7161,39.0354
139.7161,39.0354
139.7161,39.0354
125.1081,40.0682
125.1081,40.0682
125.1081,40.0682
134.4493,40.1425
134.4493,40.1425
134.4493,40.1425
116.2603,40.7152
116.2603,40.7152
116.2603,40.7152
129.2036,41.5115
129.2036,41.5115
129.2036,41.5115
122.7039,40.1415
122.7039,40.1415
122.7039,40.1415
134.5271,39.6041
134.5271,39.6041
134.5271,39.6041
140.7995,39.5244
140.7995,39.5244
140.7995,39.5244
132.733,40.6642
132.733,40.6642
132.733,40.6642
128.0052,40.9883
128.0052,40.9883
128.0052,40.9883
127.9568,40.9503
127.9568,40.9503
127.9568,40.9503
134.2106,39.9726
134.2106,39.9726
134.2106,39.9726
127.0952,41.4774
127.0952,41.4774
127.0952,41.4774
116.0725,40.5692
116.0725,40.5692
116.0725,40.5692
130.8948,39.7186
130.8948,39.7186
130.8948,39.7186
133.4213,39.9651
133.4213,39.9651
133.4213,39.9651
122.5733,41.0942
122.5733,41.0942
122.5733,41.0942
127.0094,41.0872
127.0094,41.0872
127.0094,41.0872
122.7846,40.7371
122.7846,40.7371
122.7846,40.7371
136.684,39.949
136.684,39.949
136.684,39.949
111.1283,41.3221
111.1283,41.3221
111.1283,41.3221
128.1789,39.5993
128.1789,39.5993
128.1789,39.5993
119.4607,41.1284
119.4607,41.1284
119.4607,41.1284
129.9375,40.0441
129.9375,40.0441
129.9375,40.0441
128.7173,40.3101
128.7173,40.3101
128.7173,40.3101
112.682,40.5325
112.682,40.5325
112.682,40.5325
127.4054,40.7196
127.4054,40.7196
127.4054,40.7196
110.7735,41.002
110.7735,41.002
110.7735,41.002
126.7677,39.3431
126.7677,39.3431
126.7677,39.3431
127.4436,40.5613
127.4436,40.5613
127.4436,40.5613
147.8586,40.7913
147.8586,40.7913
147.8586,40.7913
132.4037,41.9521
132.4037,41.9521
132.4037,41.9521
125.7476,39.6607
125.7476,39.6607
125.7476,39.6607
121.5932,41.0025
121.5932,41.0025
121.5932,41.0025
135.3682,41.3659
135.3682,41.3659
135.3682,41.3659
138.4712,41.2365
138.4712,41.2365
138.4712,41.2365
134.9051,40.4482
134.9051,40.4482
134.9051,40.4482
136.3283,40.7819
136.3283,40.7819
136.3283,40.7819
119.7167,41.0782
119.7167,41.0782
119.7167,41.0782
127.4558,39.6131
127.4558,39.6131
127.4558,39.6131
121.8465,40.8291
121.8465,40.8291
121.8465,40.8291
127.1832,40.82
127.1832,40.82
127.1832,40.82
131.164,40.6726
131.164,40.6726
131.164,40.6726
117.2624,41.7997
117.2624,41.7997
117.2624,41.7997
121.0305,40.762
121.0305,40.762
121.0305,40.762
127.8704,39.9002
127.8704,39.9002
127.8704,39.9002
131.445,40.0359
131.445,40.0359
131.445,40.0359
121.8935,40.9071
121.8935,40.9071
121.8935,40.9071
122.6281,41.3174
122.6281,41.3174
122.6281,41.3174
128.9908,41.2584
128.9908,41.2584
128.9908,41.2584
129.9793,41.2765
129.9793,41.2765
129.9793,41.2765
115.028,41.3831
115.028,41.3831
115.028,41.3831
131.1761,41.3163
131.1761,41.3163
131.1761,41.3163
138.2592,42.5524
138.2592,42.5524
138.2592,42.5524
133.6599,40.9976
133.6599,40.9976
133.6599,40.9976
124.1198,41.4057
124.1198,41.4057
124.1198,41.4057
121.366,39.5941
121.366,39.5941
121.366,39.5941
117.6133,41.3018
117.6133,41.3018
117.6133,41.3018
133.6404,41.2875
133.6404,41.2875
133.6404,41.2875
129.1008,40.7911
129.1008,40.7911
129.1008,40.7911
123.4252,40.6714
123.4252,40.6714
123.4252,40.6714
121.1433,39.8979
121.1433,39.8979
121.1433,39.8979
116.8824,40.2404
116.8824,40.2404
116.8824,40.2404
108.4535,40.8558
108.4535,40.8558
108.4535,40.8558
123.625,41.096
123.625,41.096
123.625,41.096
130.5113,40.1072
130.5113,40.1072
130.5113,40.1072
127.7356,40.5644
127.7356,40.5644
127.7356,40.5644
132.532,39.6032
132.532,39.6032
132.532,39.6032
120.1028,40.595
120.1028,40.595
120.1028,40.595
130.6022,40.7833
130.6022,40.7833
130.6022,40.7833
132.9974,41.0474
132.9974,41.0474
132.9974,41.0474
130.6832,41.8664
130.6832,41.8664
130.6832,41.8664
127.5402,40.8394
127.5402,40.8394
127.5402,40.8394
124.2905,40.9334
124.2905,40.9334
124.2905,40.9334
135.1089,39.6581
135.1089,39.6581
135.1089,39.6581
132.4225,41.3198
132.4225,41.3198
132.4225,41.3198
125.6131,40.8744
125.6131,40.8744
125.6131,40.8744
138.2249,40.5063
138.2249,40.5063
138.2249,40.5063
115.222,40.3147
115.222,40.3147
115.222,40.3147
112.3699,40.9252
112.3699,40.9252
112.3699,40.9252
115.7546,42.2559
115.7546,42.2559
115.7546,42.2559
130.1518,40.1164
130.1518,40.1164
130.1518,40.1164
132.8357,40.3149
132.8357,40.3149
132.8357,40.3149
107.1065,40.1422
107.1065,40.1422
107.1065,40.1422
128.4934,41.1255
128.4934,41.1255
128.4934,41.1255
118.2769,39.7137
118.2769,39.7137
118.2769,39.7137
142.6096,41.891
142.6096,41.891
142.6096,41.891
112.7733,41.3475
112.7733,41.3475
112.7733,41.3475
112.9592,40.7201
112.9592,40.7201
112.9592,40.7201
105.2399,41.8007
105.2399,41.8007
105.2399,41.8007
111.9583,41.6537
111.9583,41.6537
111.9583,41.6537
109.7194,40.6814
109.7194,40.6814
109.7194,40.6814
133.973,40.7289
133.973,40.7289
133.973,40.7289
107.8674,40.8705
107.8674,40.8705
107.8674,40.8705
100.41,42.1471
100.41,42.1471
100.41,42.1471
113.7534,41.3176
113.7534,41.3176
113.7534,41.3176
136.3587,40.8036
136.3587,40.8036
136.3587,40.8036
120.7463,41.0676
120.7463,41.0676
120.7463,41.0676
110.6889,40.2401
110.6889,40.2401
110.6889,40.2401
101.2857,41.527
101.2857,41.527
101.2857,41.527
116.747,41.5722
116.747,41.5722
116.747,41.5722
132.3112,42.6249
132.3112,42.6249
132.3112,42.6249
131.0305,40.9189
131.0305,40.9189
131.0305,40.9189
131.5674,41.4382
131.5674,41.4382
131.5674,41.4382
123.0193,40.7333
123.0193,40.7333
123.0193,40.7333
116.5932,40.6493
116.5932,40.6493
116.5932,40.6493
128.1071,42.1503
128.1071,42.1503
128.1071,42.1503
124.0679,40.8206
124.0679,40.8206
124.0679,40.8206
106.3743,41.5089
106.3743,41.5089
106.3743,41.5089
111.7842,41.0281
111.7842,41.0281
111.7842,41.0281
116.348,41.5618
116.348,41.5618
116.348,41.5618
101.9076,41.4985
101.9076,41.4985
101.9076,41.4985
110.3206,40.0554
110.3206,40.0554
110.3206,40.0554
126.8265,40.5425
126.8265,40.5425
126.8265,40.5425
113.3175,40.4377
113.3175,40.4377
113.3175,40.4377
120.7094,41.043
120.7094,41.043
120.7094,41.043
122.6137,41.6907
122.6137,41.6907
122.6137,41.6907
120.2949,40.6697
120.2949,40.6697
120.2949,40.6697
106.2379,41.502
106.2379,41.502
106.2379,41.502
110.1103,41.8199
110.1103,41.8199
110.1103,41.8199
123.3193,40.5811
123.3193,40.5811
123.3193,40.5811
128.656,41.5899
128.656,41.5899
128.656,41.5899
118.1805,40.5423
118.1805,40.5423
118.1805,40.5423
127.6602,40.2751
127.6602,40.2751
127.6602,40.2751
133.3654,40.5899
133.3654,40.5899
133.3654,40.5899
121.7889,40.3922
121.7889,40.3922
121.7889,40.3922
99.7402,40.1753
99.7402,40.1753
99.7402,40.1753
130.4025,42.22
130.4025,42.22
130.4025,42.22
109.4353,42.5466
109.4353,42.5466
109.4353,42.5466
111.8302,41.6772
111.8302,41.6772
111.8302,41.6772
117.9364,41.5285
117.9364,41.5285
117.9364,41.5285
110.5726,40.7269
110.5726,40.7269
110.5726,40.7269
118.1096,41.4013
118.1096,41.4013
118.1096,41.4013
121.5447,41.8422
121.5447,41.8422
121.5447,41.8422
117.7784,40.7652
117.7784,40.7652
117.7784,40.7652
126.1944,42.0327
126.1944,42.0327
126.1944,42.0327
111.1797,39.9591
111.1797,39.9591
111.1797,39.9591
126.6052,40.5168
126.6052,40.5168
126.6052,40.5168
125.2088,41.3665
125.2088,41.3665
125.2088,41.3665
117.4051,41.0989
117.4051,41.0989
117.4051,41.0989
131.8856,41.3903
131.8856,41.3903
131.8856,41.3903
101.559,41.8395
101.559,41.8395
101.559,41.8395
123.4141,41.4866
123.4141,41.4866
123.4141,41.4866
124.6762,41.1519
124.6762,41.1519
124.6762,41.1519
131.5118,40.9747
131.5118,40.9747
131.5118,40.9747
129.0308,42.088
129.0308,42.088
129.0308,42.088
136.2875,42.1412
136.2875,42.1412
136.2875,42.1412
119.8524,42.171
119.8524,42.171
119.8524,42.171
117.054,40.8488
117.054,40.8488
117.054,40.8488
107.7259,42.0418
107.7259,42.0418
107.7259,42.0418
120.5198,42.0866
120.5198,42.0866
120.5198,42.0866
100.0734,40.324
100.0734,40.324
100.0734,40.324
120.1356,39.9848
120.1356,39.9848
120.1356,39.9848
133.3169,41.0293
133.3169,41.0293
133.3169,41.0293
121.6007,41.1239
121.6007,41.1239
121.6007,41.1239
129.9693,41.4502
129.9693,41.4502
129.9693,41.4502
113.2075,40.9832
113.2075,40.9832
113.2075,40.9832
119.5219,40.2874
119.5219,40.2874
119.5219,40.2874
100.8016,41.0328
100.8016,41.0328
100.8016,41.0328
106.3434,41.065
106.3434,41.065
106.3434,41.065
104.699,40.3476
104.699,40.3476
104.699,40.3476
122.3323,41.6695
122.3323,41.6695
122.3323,41.6695
125.8523,42.1689
125.8523,42.1689
125.8523,42.1689
119.3022,42.4735
119.3022,42.4735
119.3022,42.4735
123.4642,41.3631
123.4642,41.3631
123.4642,41.3631
111.139,40.7007
111.139,40.7007
111.139,40.7007
129.4559,41.7994
129.4559,41.7994
129.4559,41.7994
118.9723,41.0556
118.9723,41.0556
118.9723,41.0556
